X,Y,fid,cng_(Meters)
667033.797657946008258,4183340.667574483901262,0,0
667063.323898087837733,4183345.978049329482019,0,30
667092.850138229667209,4183351.288524175062776,0,60
667122.376378371496685,4183356.598999020643532,0,90
667151.902618513326161,4183361.90947386668995,0,120
667181.428858655272052,4183367.219948712270707,0,150
667210.955098797101527,4183372.530423557851464,0,180
667240.481338938931003,4183377.84089840343222,0,210
667270.007579080760479,4183383.151373249012977,0,240
667299.533819222589955,4183388.461848094593734,0,270
667329.06005936441943,4183393.772322940640152,0,300
667358.586299506248906,4183399.082797786220908,0,330
667388.112539648078382,4183404.393272631801665,0,360
667417.638779789907858,4183409.703747477382421,0,390
667447.165019931737334,4183415.014222322963178,0,420
667476.691260073683225,4183420.324697168543935,0,450
667506.2175002155127,4183425.635172014124691,0,480
667535.743740357342176,4183430.945646860171109,0,510
667565.269980499171652,4183436.256121705751866,0,540
667594.796220641001128,4183441.566596551332623,0,570
667624.322460782830603,4183446.877071396913379,0,600
667653.848700924660079,4183452.187546242494136,0,630
667683.374941066489555,4183457.498021088074893,0,660
667712.901181208319031,4183462.808495934121311,0,690
667742.427421350148506,4183468.118970779702067,0,720
667771.953661492094398,4183473.429445625282824,0,750
667801.479901633923873,4183478.739920470863581,0,780
667831.006141775753349,4183484.050395316444337,0,810
667860.532381917582825,4183489.360870162025094,0,840
667890.058622059412301,4183494.671345008071512,0,870
667919.584862201241776,4183499.981819853652269,0,900
667949.111102343071252,4183505.292294699233025,0,930
667978.637342484900728,4183510.602769544813782,0,960
668008.163582626730204,4183515.913244390394539,0,990
668037.689822768559679,4183521.223719235975295,0,1020
668067.21606291050557,4183526.534194081556052,0,1050
668096.742303052335046,4183531.84466892760247,0,1080
668126.268543194164522,4183537.155143773183227,0,1110
668155.794783335993998,4183542.465618618763983,0,1140
668185.321023477823474,4183547.77609346434474,0,1170
668214.847263619652949,4183553.086568309925497,0,1200
668244.373503761482425,4183558.397043155506253,0,1230
668273.899743903311901,4183563.707518001552671,0,1260
668303.425984045141377,4183569.017992847133428,0,1290
668332.952224186970852,4183574.328467692714185,0,1320
668362.478464328916743,4183579.638942538294941,0,1350
668392.004704470746219,4183584.949417383875698,0,1380
668421.530944612575695,4183590.259892229456455,0,1410
668451.057184754405171,4183595.570367075037211,0,1440
668480.583424896234646,4183600.880841921083629,0,1470
668510.109665038064122,4183606.191316766664386,0,1500
668539.635905179893598,4183611.501791612245142,0,1530
668569.162145321723074,4183616.812266457825899,0,1560
668598.688385463552549,4183622.122741303406656,0,1590
668628.214625605382025,4183627.433216148987412,0,1620
668657.740865747327916,4183632.74369099503383,0,1650
668687.267105889157392,4183638.054165840614587,0,1680
668716.793346030986868,4183643.364640686195344,0,1710
668746.319586172816344,4183648.6751155317761,0,1740
668775.845826314645819,4183653.985590377356857,0,1770
668805.372066456475295,4183659.296065222937614,0,1800
668834.898306598304771,4183664.606540068984032,0,1830
668864.424546740134247,4183669.917014914564788,0,1860
668893.950786881963722,4183675.227489760145545,0,1890
668923.477027023909613,4183680.537964605726302,0,1920
668953.003267165739089,4183685.848439451307058,0,1950
668982.529507307568565,4183691.158914296887815,0,1980
669012.055747449398041,4183696.469389142468572,0,2010
669041.581987591227517,4183701.77986398851499,0,2040
669071.108227733056992,4183707.090338834095746,0,2070
669100.634467874886468,4183712.400813679676503,0,2100
669130.160708016715944,4183717.71128852525726,0,2130
669159.68694815854542,4183723.021763370838016,0,2160
669189.213188300374895,4183728.332238216418773,0,2190
669218.739428442320786,4183733.642713062465191,0,2220
669248.265668584150262,4183738.953187908045948,0,2250
669277.791908725979738,4183744.263662753626704,0,2280
669307.318148867809214,4183749.574137599207461,0,2310
669336.844389009638689,4183754.884612444788218,0,2340
669366.370629151468165,4183760.195087290368974,0,2370
669395.896869293297641,4183765.505562135949731,0,2400
669425.423109435127117,4183770.816036981996149,0,2430
669454.949349576956593,4183776.126511827576905,0,2460
669484.475589718786068,4183781.436986673157662,0,2490
669514.001829860731959,4183786.747461518738419,0,2520
669543.528070002561435,4183792.057936364319175,0,2550
669573.128731038537808,4183796.886244575027376,0,2580
669602.882067037629895,4183800.725384703837335,0,2610
669632.635403036605567,4183804.564524833112955,0,2640
669662.388739035581239,4183808.403664961922914,0,2670
669692.142075034673326,4183812.242805090732872,0,2700
669721.895411033648998,4183816.081945219542831,0,2730
669751.648747032624669,4183819.92108534835279,0,2760
669781.402083031716757,4183823.76022547762841,0,2790
669811.155419030692428,4183827.599365606438369,0,2820
669840.908755029784516,4183831.438505735248327,0,2850
669870.662091028760187,4183835.277645864058286,0,2880
669900.415427027735859,4183839.116785992868245,0,2910
669930.168763026827946,4183842.955926122143865,0,2940
669959.922099025803618,4183846.795066250953823,0,2970
669989.675435024895705,4183850.634206379763782,0,3000
670019.428771023871377,4183854.473346508573741,0,3030
670049.182107022847049,4183858.312486637849361,0,3060
670078.935443021939136,4183862.151626766659319,0,3090
670108.688779020914808,4183865.990766895469278,0,3120
670138.44211501989048,4183869.829907024279237,0,3150
670168.195451018982567,4183873.669047153089195,0,3180
670197.948787017958239,4183877.508187282364815,0,3210
670227.702123017050326,4183881.347327411174774,0,3240
670257.455459016025998,4183885.186467539984733,0,3270
670287.20879501500167,4183889.025607668794692,0,3300
670316.962131014093757,4183892.86474779760465,0,3330
670346.715467013069429,4183896.70388792688027,0,3360
670376.468803012161516,4183900.543028055690229,0,3390
670406.222139011137187,4183904.382168184500188,0,3420
670435.975475010112859,4183908.221308313310146,0,3450
670465.728811009204946,4183912.060448442120105,0,3480
670495.482147008180618,4183915.899588571395725,0,3510
670525.23548300715629,4183919.738728700205684,0,3540
670554.988819006248377,4183923.577868829015642,0,3570
670584.742155005224049,4183927.417008957825601,0,3600
670614.495491004316136,4183931.256149087101221,0,3630
670644.248827003291808,4183935.09528921591118,0,3660
670674.00216300226748,4183938.934429344721138,0,3690
670703.755499001359567,4183942.773569473531097,0,3720
670733.508835000335239,4183946.612709602341056,0,3750
670763.262170999427326,4183950.451849731616676,0,3780
670793.015506998402998,4183954.290989860426635,0,3810
670822.76884299737867,4183958.130129989236593,0,3840
670852.522178996470757,4183961.969270118046552,0,3870
670882.275514995446429,4183965.808410246856511,0,3900
670912.0288509944221,4183969.647550376132131,0,3930
670941.782186993514188,4183973.486690504942089,0,3960
670971.535522992489859,4183977.325830633752048,0,3990
671001.288858991581947,4183981.164970762562007,0,4020
671031.042194990557618,4183985.004110891371965,0,4050
671060.79553098953329,4183988.843251020647585,0,4080
671090.548866988625377,4183992.682391149457544,0,4110
671120.302202987601049,4183996.521531278267503,0,4140
671150.055538986693136,4184000.360671407077461,0,4170
671179.808874985668808,4184004.19981153588742,0,4200
671209.56221098464448,4184008.03895166516304,0,4230
671239.315546983736567,4184011.878091793972999,0,4260
671269.068882982712239,4184015.717231922782958,0,4290
671298.822218981687911,4184019.556372051592916,0,4320
671328.575554980779998,4184023.395512180868536,0,4350
671358.32889097975567,4184027.234652309678495,0,4380
671388.082226978847757,4184031.073792438488454,0,4410
671417.835562977823429,4184034.912932567298412,0,4440
671447.588898976799101,4184038.752072696108371,0,4470
671477.342234975891188,4184042.591212825383991,0,4500
671507.09557097486686,4184046.43035295419395,0,4530
671536.848906973958947,4184050.269493083003908,0,4560
671566.602242972934619,4184054.108633211813867,0,4590
671596.35557897191029,4184057.947773340623826,0,4620
671626.108914971002378,4184061.786913469899446,0,4650
671655.862250969978049,4184065.626053598709404,0,4680
671685.615586969070137,4184069.465193727519363,0,4710
671715.368922968045808,4184073.304333856329322,0,4740
671745.12225896702148,4184077.143473985139281,0,4770
671774.875594966113567,4184080.982614114414901,0,4800
671804.628930965089239,4184084.821754243224859,0,4830
671834.382266964064911,4184088.660894372034818,0,4860
671864.135602963156998,4184092.500034500844777,0,4890
671893.88893896213267,4184096.339174630120397,0,4920
671923.642274961224757,4184100.178314758930355,0,4950
671953.395610960200429,4184104.017454887740314,0,4980
671983.148946959176101,4184107.856595016550273,0,5010
672012.902282958268188,4184111.695735145360231,0,5040
672042.65561895724386,4184115.534875274635851,0,5070
672072.408954956335947,4184119.37401540344581,0,5100
672102.162290955311619,4184123.213155532255769,0,5130
672131.915626954287291,4184127.052295661065727,0,5160
672161.668962953379378,4184130.891435789875686,0,5190
672191.42229895235505,4184134.730575919151306,0,5220
672221.175634951330721,4184138.569716047961265,0,5250
672250.928970950422809,4184142.408856176771224,0,5280
672280.68230694939848,4184146.247996305581182,0,5310
672310.435642948490568,4184150.087136434391141,0,5340
672340.188978947466239,4184153.926276563666761,0,5370
672369.942314946441911,4184157.76541669247672,0,5400
672399.695650945533998,4184161.604556821286678,0,5430
672429.44898694450967,4184165.443696950096637,0,5460
672459.202322943601757,4184169.282837078906596,0,5490
672488.955658942577429,4184173.121977208182216,0,5520
672518.708994941553101,4184176.961117336992174,0,5550
672548.462330940645188,4184180.800257465802133,0,5580
672578.21566693962086,4184184.639397594612092,0,5610
672607.969002938596532,4184188.478537723887712,0,5640
672637.722338937688619,4184192.31767785269767,0,5670
672667.475674936664291,4184196.156817981507629,0,5700
672697.229010935756378,4184199.995958110317588,0,5730
672726.98234693473205,4184203.835098239127547,0,5760
672756.735682933707722,4184207.674238368403167,0,5790
672786.489018932799809,4184211.513378497213125,0,5820
672816.242354931775481,4184215.352518626023084,0,5850
672845.995690930867568,4184219.191658754833043,0,5880
672875.749026929843239,4184223.030798883643001,0,5910
672905.502362928818911,4184226.869939012918621,0,5940
672935.255698927910998,4184230.70907914172858,0,5970
672965.00903492688667,4184234.548219270538539,0,6000
672994.762370925862342,4184238.387359399348497,0,6030
673024.515706924954429,4184242.226499528158456,0,6060
673054.269042923930101,4184246.065639657434076,0,6090
673084.022378923022188,4184249.904779786244035,0,6120
673113.77571492199786,4184253.743919915053993,0,6150
673143.529050920973532,4184257.583060043863952,0,6180
673173.282386920065619,4184261.422200173139572,0,6210
673203.035722919041291,4184265.261340301949531,0,6240
673232.789058918133378,4184269.10048043075949,0,6270
673262.54239491710905,4184272.939620559569448,0,6300
673292.295730916084722,4184276.778760688379407,0,6330
673322.049066915176809,4184280.617900817655027,0,6360
673351.802402914152481,4184284.457040946464986,0,6390
673381.555738913128152,4184288.296181075274944,0,6420
673411.30907491222024,4184292.135321204084903,0,6450
673441.062410911195911,4184295.974461332894862,0,6480
673470.815746910287999,4184299.813601462170482,0,6510
673500.56908290926367,4184303.65274159098044,0,6540
673530.322418908239342,4184307.491881719790399,0,6570
673560.075754907331429,4184311.331021848600358,0,6600
673589.829090906307101,4184315.170161977410316,0,6630
673619.582426905399188,4184319.009302106685936,0,6660
673649.33576290437486,4184322.848442235495895,0,6690
673679.089098903350532,4184326.687582364305854,0,6720
673708.842434902442619,4184330.526722493115813,0,6750
673738.595770901418291,4184334.365862621925771,0,6780
673768.349106900393963,4184338.205002751201391,0,6810
673798.10244289948605,4184342.04414288001135,0,6840
673827.855778898461722,4184345.883283008821309,0,6870
673857.609114897553809,4184349.722423137631267,0,6900
673887.362450896529481,4184353.561563266906887,0,6930
673917.115786895505153,4184357.400703395716846,0,6960
673946.86912289459724,4184361.239843524526805,0,6990
673976.622458893572912,4184365.078983653336763,0,7020
674006.375794892664999,4184368.918123782146722,0,7050
674036.129130891640671,4184372.757263911422342,0,7080
674065.882466890616342,4184376.596404040232301,0,7110
674095.751182770356536,4184376.700038044713438,0,7140
674125.684737505973317,4184374.704467728734016,0,7170
674155.618292241706513,4184372.708897413220257,0,7200
674185.551846977439709,4184370.713327097240835,0,7230
674215.48540171305649,4184368.717756781727076,0,7260
674245.418956448789686,4184366.722186466213316,0,7290
674275.352511184522882,4184364.726616150233895,0,7320
674305.286065920139663,4184362.731045834720135,0,7350
674335.219620655872859,4184360.735475518740714,0,7380
674365.153175391606055,4184358.739905203226954,0,7410
674395.086730127339251,4184356.744334887247533,0,7440
674425.020284862956032,4184354.748764571733773,0,7470
674454.953839598689228,4184352.753194256220013,0,7500
674484.887394334422424,4184350.757623940240592,0,7530
674514.820949070039205,4184348.762053624726832,0,7560
674544.754503805772401,4184346.766483308747411,0,7590
674574.688058541505598,4184344.770912993233651,0,7620
674604.621613277122378,4184342.77534267725423,0,7650
674634.555168012855574,4184340.77977236174047,0,7680
674664.488722748588771,4184338.78420204622671,0,7710
674694.422277484321967,4184336.788631730247289,0,7740
674724.355832219938748,4184334.793061414733529,0,7770
674754.289386955671944,4184332.797491098754108,0,7800
674784.22294169140514,4184330.801920783240348,0,7830
674814.156496427021921,4184328.806350467260927,0,7860
674844.090051162755117,4184326.810780151747167,0,7890
674874.023605898488313,4184324.815209835767746,0,7920
674903.957160634105094,4184322.819639520253986,0,7950
674933.89071536983829,4184320.824069204740226,0,7980
674963.824270105571486,4184318.828498888760805,0,8010
674993.757824841304682,4184316.832928573247045,0,8040
675023.691379576921463,4184314.837358257267624,0,8070
675053.624934312654659,4184312.841787941753864,0,8100
675083.558489048387855,4184310.846217625774443,0,8130
675113.492043784004636,4184308.850647310260683,0,8160
675143.425598519737832,4184306.855076994746923,0,8190
675173.359153255471028,4184304.859506678767502,0,8220
675203.292707991087809,4184302.863936363253742,0,8250
675233.226262726821005,4184300.868366047274321,0,8280
675263.159817462554201,4184298.872795731760561,0,8310
675293.093372198287398,4184296.87722541578114,0,8340
675323.026926933904178,4184294.88165510026738,0,8370
675352.960481669637375,4184292.886084784753621,0,8400
675382.894036405370571,4184290.890514468774199,0,8430
675412.827591140987352,4184288.89494415326044,0,8460
675442.761145876720548,4184286.899373837281018,0,8490
675472.694700612453744,4184284.903803521767259,0,8520
675502.628255348070525,4184282.908233205787838,0,8550
675532.561810083803721,4184280.912662890274078,0,8580
675562.495364819536917,4184278.917092574760318,0,8610
675592.428919555270113,4184276.921522258780897,0,8640
675622.362474290886894,4184274.925951943267137,0,8670
675652.29602902662009,4184272.930381627287716,0,8700
675682.229583762353286,4184270.934811311773956,0,8730
675712.163138497970067,4184268.939240995794535,0,8760
675742.096693233703263,4184266.943670680280775,0,8790
675772.030247969436459,4184264.948100364767015,0,8820
675801.96380270505324,4184262.952530048787594,0,8850
675831.897357440786436,4184260.956959733273834,0,8880
675861.830912176519632,4184258.961389417294413,0,8910
675891.764466912252828,4184256.965819101780653,0,8940
675921.698021647869609,4184254.970248785801232,0,8970
675951.631576383602805,4184252.974678470287472,0,9000
675981.565131119336002,4184250.979108154773712,0,9030
676011.498685854952782,4184248.983537838794291,0,9060
676041.432240590685979,4184246.987967523280531,0,9090
676071.365795326419175,4184244.99239720730111,0,9120
676101.299350062035955,4184242.99682689178735,0,9150
676131.232904797769152,4184241.001256575807929,0,9180
676161.166459533502348,4184239.005686260294169,0,9210
676191.100014269235544,4184237.010115944780409,0,9240
676221.033569004852325,4184235.014545628800988,0,9270
676250.967123740585521,4184233.018975313287228,0,9300
676280.900678476318717,4184231.023404997307807,0,9330
676310.834233211935498,4184229.027834681794047,0,9360
676340.767787947668694,4184227.032264365814626,0,9390
676370.70134268340189,4184225.036694050300866,0,9420
676400.634897419018671,4184223.041123734787107,0,9450
676430.568452154751867,4184221.045553418807685,0,9480
676460.502006890485063,4184219.049983103293926,0,9510
676490.435561626218259,4184217.054412787314504,0,9540
676520.36911636183504,4184215.058842471800745,0,9570
676550.302671097568236,4184213.063272155821323,0,9600
676580.236225833301432,4184211.067701840307564,0,9630
676610.169780568918213,4184209.072131524328142,0,9660
676640.103335304651409,4184207.076561208814383,0,9690
676670.036890040384606,4184205.080990893300623,0,9720
676699.970444776001386,4184203.085420577321202,0,9750
676729.903999511734582,4184201.089850261807442,0,9780
676759.837554247467779,4184199.094279945828021,0,9810
676789.771108983200975,4184197.098709630314261,0,9840
676819.704663718817756,4184195.10313931433484,0,9870
676849.638218454550952,4184193.10756899882108,0,9900
676879.571773190284148,4184191.11199868330732,0,9930
676909.505327925900929,4184189.116428367327899,0,9960
676939.438882661634125,4184187.120858051814139,0,9990
676969.372437397367321,4184185.125287735834718,0,10020
676999.305992132984102,4184183.129717420320958,0,10050
677029.239546868717298,4184181.134147104341537,0,10080
677059.173101604450494,4184179.138576788827777,0,10110
677089.10665634018369,4184177.143006473314017,0,10140
677119.040211075800471,4184175.147436157334596,0,10170
677148.973765811533667,4184173.151865841820836,0,10200
677178.907320547266863,4184171.156295525841415,0,10230
677208.840875282883644,4184169.160725210327655,0,10260
677238.77443001861684,4184167.165154894348234,0,10290
677268.707984754350036,4184165.169584578834474,0,10320
677298.641539489966817,4184163.174014263320714,0,10350
677328.575094225700013,4184161.178443947341293,0,10380
677358.299805316724814,4184157.947481613140553,0,10410
677387.225967100821435,4184149.992787122260779,0,10440
677416.152128884918056,4184142.038092631846666,0,10470
677445.078290669014677,4184134.083398141432554,0,10500
677474.004452453111298,4184126.128703650552779,0,10530
677502.930614237324335,4184118.174009160138667,0,10560
677531.856776021420956,4184110.219314669258893,0,10590
677560.782937805517577,4184102.26462017884478,0,10620
677589.709099589614198,4184094.309925687965006,0,10650
677618.635261373710819,4184086.355231197550893,0,10680
677647.56142315780744,4184078.400536706671119,0,10710
677676.487584941904061,4184070.445842216257006,0,10740
677705.413746726117097,4184062.491147725377232,0,10770
677734.339908510213718,4184054.536453234963119,0,10800
677763.266070294310339,4184046.581758744083345,0,10830
677792.19223207840696,4184038.627064253669232,0,10860
677821.118393862503581,4184030.672369762789458,0,10890
677850.044555646600202,4184022.717675272375345,0,10920
677878.970717430696823,4184014.762980781961232,0,10950
677907.896879214909859,4184006.808286291081458,0,10980
677936.82304099900648,4183998.853591800667346,0,11010
677965.749202783103101,4183990.898897309787571,0,11040
677994.675364567199722,4183982.944202819373459,0,11070
678023.601526351296343,4183974.989508328493685,0,11100
678052.527688135392964,4183967.034813838079572,0,11130
678081.453849919489585,4183959.080119347199798,0,11160
678110.380011703702621,4183951.125424856785685,0,11190
678139.306173487799242,4183943.170730365905911,0,11220
678168.232335271895863,4183935.216035875491798,0,11250
678197.158497055992484,4183927.261341384612024,0,11280
678226.084658840089105,4183919.306646894197911,0,11310
678255.010820624185726,4183911.351952403783798,0,11340
678283.936982408398762,4183903.397257912904024,0,11370
678312.863144192495383,4183895.442563422489911,0,11400
678341.789305976592004,4183887.487868931610137,0,11430
678370.715467760688625,4183879.533174441196024,0,11460
678399.641629544785246,4183871.57847995031625,0,11490
678428.567791328881867,4183863.623785459902138,0,11520
678457.493953112978488,4183855.669090969022363,0,11550
678486.420114897191525,4183847.714396478608251,0,11580
678515.346276681288145,4183839.759701987728477,0,11610
678544.272438465384766,4183831.805007497314364,0,11640
678573.198600249481387,4183823.85031300643459,0,11670
678602.124762033578008,4183815.895618516020477,0,11700
678631.050923817674629,4183807.940924025140703,0,11730
678659.97708560177125,4183799.98622953472659,0,11760
678688.903247385984287,4183792.031535044312477,0,11790
678717.829409170080908,4183784.076840553432703,0,11820
678746.755570954177529,4183776.12214606301859,0,11850
678775.68173273827415,4183768.167451572138816,0,11880
678804.607894522370771,4183760.212757081724703,0,11910
678833.534056306467392,4183752.258062590844929,0,11940
678862.460218090680428,4183744.303368100430816,0,11970
678891.386379874777049,4183736.348673609551042,0,12000
678920.31254165887367,4183728.39397911913693,0,12030
678949.238703442970291,4183720.439284628257155,0,12060
678978.164865227066912,4183712.484590137843043,0,12090
679007.091027011163533,4183704.529895646963269,0,12120
679036.017188795260154,4183696.575201156549156,0,12150
679064.94335057947319,4183688.620506666135043,0,12180
679093.869512363569811,4183680.665812175255269,0,12210
679122.795674147666432,4183672.711117684841156,0,12240
679151.721835931763053,4183664.756423193961382,0,12270
679180.647997715859674,4183656.801728703547269,0,12300
679209.574159499956295,4183648.847034212667495,0,12330
679238.500321284052916,4183640.892339722253382,0,12360
679267.426483068265952,4183632.937645231373608,0,12390
679296.352644852362573,4183624.982950740959495,0,12420
679325.278806636459194,4183617.028256250079721,0,12450
679354.204968420555815,4183609.073561759665608,0,12480
679383.131130204652436,4183601.118867268785834,0,12510
679412.057291988749057,4183593.164172778371722,0,12540
679440.983453772962093,4183585.209478287491947,0,12570
679469.909615557058714,4183577.254783797077835,0,12600
679498.835777341155335,4183569.300089306663722,0,12630
679527.761939125251956,4183561.345394815783948,0,12660
679556.688100909348577,4183553.390700325369835,0,12690
679585.614262693445198,4183545.436005834490061,0,12720
679614.540424477541819,4183537.481311344075948,0,12750
679643.466586261754856,4183529.526616853196174,0,12780
679672.392748045851476,4183521.571922362782061,0,12810
679701.318909829948097,4183513.617227871902287,0,12840
679730.245071614044718,4183505.662533381488174,0,12870
679759.171233398141339,4183497.7078388906084,0,12900
679788.09739518223796,4183489.753144400194287,0,12930
679817.023556966334581,4183481.798449909314513,0,12960
679845.949718750547618,4183473.8437554189004,0,12990
679874.875880534644239,4183465.889060928486288,0,13020
679903.80204231874086,4183457.934366437606514,0,13050
679932.728204102837481,4183449.979671947192401,0,13080
679961.654365886934102,4183442.024977456312627,0,13110
679990.580527671030723,4183434.070282965898514,0,13140
680019.506689455127344,4183426.11558847501874,0,13170
680048.43285123934038,4183418.160893984604627,0,13200
680077.359013023437001,4183410.206199493724853,0,13230
680106.285174807533622,4183402.25150500331074,0,13260
680135.211336591630243,4183394.296810512430966,0,13290
680164.137498375726864,4183386.342116022016853,0,13320
680193.063660159823485,4183378.387421531137079,0,13350
680221.989821944036521,4183370.432727040722966,0,13380
680250.915983728133142,4183362.478032550308853,0,13410
680279.481987937469967,4183353.379302140790969,0,13440
680307.748428645893,4183343.329012111295015,0,13470
680336.014869354199618,4183333.278722081333399,0,13500
680364.281310062622651,4183323.228432051837444,0,13530
680392.547750770929269,4183313.17814202234149,0,13560
680420.814191479352303,4183303.127851992379874,0,13590
680449.080632187658921,4183293.077561962883919,0,13620
680477.347072896081954,4183283.027271933387965,0,13650
680505.613513604504988,4183272.976981903426349,0,13680
680533.879954312811606,4183262.926691873930395,0,13710
680562.146395021234639,4183252.87640184443444,0,13740
680590.412835729541257,4183242.826111814472824,0,13770
680618.67927643796429,4183232.77582178497687,0,13800
680646.945717146387324,4183222.725531755480915,0,13830
680675.212157854693942,4183212.6752417255193,0,13860
680703.478598563116975,4183202.624951696023345,0,13890
680731.745039271423593,4183192.57466166652739,0,13920
680760.011479979846627,4183182.524371637031436,0,13950
680788.277920688153245,4183172.47408160706982,0,13980
680816.544361396576278,4183162.423791577573866,0,14010
680844.810802104999311,4183152.373501548077911,0,14040
680873.077242813305929,4183142.323211518116295,0,14070
680901.343683521728963,4183132.272921488620341,0,14100
680929.610124230035581,4183122.222631459124386,0,14130
680957.876564938458614,4183112.172341429162771,0,14160
680986.143005646881647,4183102.122051399666816,0,14190
681014.409446355188265,4183092.071761370170861,0,14220
681042.675887063611299,4183082.021471340209246,0,14250
681070.942327771917917,4183071.971181310713291,0,14280
681099.20876848034095,4183061.920891281217337,0,14310
681127.475209188647568,4183051.870601251255721,0,14340
681155.741649897070602,4183041.820311221759766,0,14370
681184.008090605493635,4183031.770021192263812,0,14400
681212.274531313800253,4183021.719731162302196,0,14430
681240.540972022223286,4183011.669441132806242,0,14460
681268.807412730529904,4183001.619151103310287,0,14490
681297.073853438952938,4182991.568861073348671,0,14520
681325.340294147375971,4182981.518571043852717,0,14550
681353.606734855682589,4182971.468281014356762,0,14580
681381.873175564105622,4182961.417990984860808,0,14610
681410.139616272412241,4182951.367700954899192,0,14640
681438.406056980835274,4182941.317410925403237,0,14670
681466.672497689141892,4182931.267120895907283,0,14700
681494.938938397564925,4182921.216830865945667,0,14730
681523.205379105987959,4182911.166540836449713,0,14760
681551.471819814294577,4182901.116250806953758,0,14790
681579.73826052271761,4182891.065960776992142,0,14820
681608.004701231024228,4182881.015670747496188,0,14850
681636.271141939447261,4182870.965380718000233,0,14880
681664.537582647753879,4182860.915090688038617,0,14910
681692.804023356176913,4182850.864800658542663,0,14940
681721.070464064599946,4182840.814510629046708,0,14970
681749.336904772906564,4182830.764220599085093,0,15000
681777.603345481329598,4182820.713930569589138,0,15030
681805.869786189636216,4182810.663640540093184,0,15060
681834.136226898059249,4182800.613350510131568,0,15090
681862.402667606482282,4182790.563060480635613,0,15120
681890.6691083147889,4182780.512770451139659,0,15150
681918.935549023211934,4182770.462480421178043,0,15180
681947.201989731518552,4182760.412190391682088,0,15210
681975.468430439941585,4182750.361900362186134,0,15240
682003.734871148248203,4182740.311610332690179,0,15270
682032.001311856671236,4182730.261320302728564,0,15300
682060.26775256509427,4182720.211030273232609,0,15330
682088.534193273400888,4182710.160740243736655,0,15360
682116.800633981823921,4182700.110450213775039,0,15390
682145.067074690130539,4182690.060160184279084,0,15420
682173.333515398553573,4182680.00987015478313,0,15450
682201.599956106976606,4182669.959580124821514,0,15480
682229.866396815283224,4182659.909290095325559,0,15510
682258.132837523706257,4182649.859000065829605,0,15540
682286.399278232012875,4182639.808710035867989,0,15570
682314.665718940435909,4182629.758420006372035,0,15600
682342.932159648742527,4182619.70812997687608,0,15630
682371.19860035716556,4182609.657839946914464,0,15660
682399.465041065588593,4182599.60754991741851,0,15690
682427.731481773895212,4182589.557259887922555,0,15720
682455.997922482318245,4182579.506969857960939,0,15750
682484.264363190624863,4182569.456679828464985,0,15780
682512.530803899047896,4182559.40638979896903,0,15810
682540.79724460747093,4182549.356099769007415,0,15840
682569.063685315777548,4182539.30580973951146,0,15870
682597.330126024200581,4182529.255519710015506,0,15900
682625.596566732507199,4182519.205229680519551,0,15930
682653.863007440930232,4182509.154939650557935,0,15960
682682.12944814923685,4182499.104649621061981,0,15990
682710.395888857659884,4182489.054359591566026,0,16020
682738.662329566082917,4182479.00406956160441,0,16050
682766.928770274389535,4182468.953779532108456,0,16080
682795.195210982812569,4182458.903489502612501,0,16110
682823.461651691119187,4182448.853199472650886,0,16140
682851.72809239954222,4182438.802909443154931,0,16170
682879.994533107848838,4182428.752619413658977,0,16200
682908.260973816271871,4182418.702329383697361,0,16230
682936.527414524694905,4182408.652039354201406,0,16260
682964.793855233001523,4182398.601749324705452,0,16290
682993.060295941424556,4182388.551459294743836,0,16320
683021.326736649731174,4182378.501169265247881,0,16350
683049.593177358154207,4182368.450879235751927,0,16380
683077.859618066577241,4182358.400589205790311,0,16410
683106.126058774883859,4182348.350299176294357,0,16440
683134.392499483306892,4182338.300009146798402,0,16470
683162.65894019161351,4182328.249719116836786,0,16500
683190.925380900036544,4182318.199429087340832,0,16530
683219.191821608343162,4182308.149139057844877,0,16560
683247.458262316766195,4182298.098849028348923,0,16590
683275.724703025189228,4182288.048558998387307,0,16620
683303.991143733495846,4182277.998268968891352,0,16650
683332.25758444191888,4182267.947978939395398,0,16680
683360.524025150225498,4182257.897688909433782,0,16710
683388.790465858648531,4182247.847398879937828,0,16740
683417.056906567071564,4182237.797108850441873,0,16770
683445.323347275378183,4182227.746818820480257,0,16800
683473.589787983801216,4182217.696528790984303,0,16830
683501.856228692107834,4182207.646238761488348,0,16860
683530.122669400530867,4182197.595948731526732,0,16890
683394.179292351938784,4182221.464603944681585,1,0
683421.799384750192985,4182209.754330851603299,1,30
683449.419477148563601,4182198.044057758990675,1,60
683477.039569546817802,4182186.33378466591239,1,90
683504.659661945188418,4182174.623511573299766,1,120
683532.279754343442619,4182162.91323848022148,1,150
683559.899846741813235,4182151.202965387608856,1,180
683587.519939140067436,4182139.492692294530571,1,210
683615.140031538321637,4182127.782419201917946,1,240
683642.760123936692253,4182116.072146108839661,1,270
683670.380216334946454,4182104.361873016227037,1,300
683698.00030873331707,4182092.651599923148751,1,330
683725.620401131571271,4182080.941326830536127,1,360
683753.240493529941887,4182069.231053737457842,1,390
683780.860585928196087,4182057.520780644845217,1,420
683808.480678326566704,4182045.810507551766932,1,450
683836.100770724820904,4182034.100234459154308,1,480
683863.720863123075105,4182022.389961366076022,1,510
683891.340955521445721,4182010.679688273463398,1,540
683918.961047919699922,4181998.969415180385113,1,570
683946.581140318070538,4181987.259142087772489,1,600
683974.201232716324739,4181975.548868994694203,1,630
684001.821325114695355,4181963.838595902081579,1,660
684029.441417512949556,4181952.128322809003294,1,690
684057.061509911203757,4181940.418049716390669,1,720
684084.681602309574373,4181928.707776623312384,1,750
684112.301694707828574,4181916.99750353069976,1,780
684139.92178710619919,4181905.287230437621474,1,810
684167.541879504453391,4181893.57695734500885,1,840
684195.161971902824007,4181881.866684251930565,1,870
684222.782064301078208,4181870.15641115931794,1,900
684250.402156699332409,4181858.446138066239655,1,930
684278.022249097703025,4181846.735864973627031,1,960
684305.642341495957226,4181835.025591880548745,1,990
684333.262433894327842,4181823.315318787936121,1,1020
684360.882526292582043,4181811.605045694857836,1,1050
684388.502618690952659,4181799.894772602245212,1,1080
684416.122711089206859,4181788.184499509166926,1,1110
684443.74280348746106,4181776.474226416554302,1,1140
684471.362895885831676,4181764.763953323476017,1,1170
684498.982988284085877,4181753.053680230863392,1,1200
684526.603080682456493,4181741.343407137785107,1,1230
684554.223173080710694,4181729.633134045172483,1,1260
684581.84326547908131,4181717.922860952094197,1,1290
684609.463357877335511,4181706.212587859481573,1,1320
684637.083450275706127,4181694.502314766403288,1,1350
684664.703542673960328,4181682.792041673790663,1,1380
684692.323635072214529,4181671.081768580712378,1,1410
684719.943727470585145,4181659.371495488099754,1,1440
684747.563819868839346,4181647.661222395021468,1,1470
684775.183912267209962,4181635.950949302408844,1,1500
684802.804004665464163,4181624.240676209330559,1,1530
684830.424097063834779,4181612.530403116717935,1,1560
684858.04418946208898,4181600.820130023639649,1,1590
684885.664281860343181,4181589.109856931027025,1,1620
684913.284374258713797,4181577.39958383794874,1,1650
684940.904466656967998,4181565.689310745336115,1,1680
684968.524559055338614,4181553.97903765225783,1,1710
684996.144651453592815,4181542.268764559645206,1,1740
685023.764743851963431,4181530.55849146656692,1,1770
685051.384836250217631,4181518.848218373488635,1,1800
685079.004928648471832,4181507.137945280876011,1,1830
685106.625021046842448,4181495.427672187797725,1,1860
685134.245113445096649,4181483.717399095185101,1,1890
685161.865205843467265,4181472.007126002106816,1,1920
685189.485298241721466,4181460.296852909494191,1,1950
685217.105390640092082,4181448.586579816415906,1,1980
685244.725483038346283,4181436.876306723803282,1,2010
685272.345575436600484,4181425.166033630724996,1,2040
685299.9656678349711,4181413.455760538112372,1,2070
685327.585760233225301,4181401.745487445034087,1,2100
685355.205852631595917,4181390.035214352421463,1,2130
685382.825945029850118,4181378.324941259343177,1,2160
685410.446037428220734,4181366.614668166730553,1,2190
685438.066129826474935,4181354.904395073652267,1,2220
685465.686222224845551,4181343.194121981039643,1,2250
685493.306314623099752,4181331.483848887961358,1,2280
685520.926407021353953,4181319.773575795348734,1,2310
685548.546499419724569,4181308.063302702270448,1,2340
685576.16659181797877,4181296.353029609657824,1,2370
685603.786684216349386,4181284.642756516579539,1,2400
685631.406776614603586,4181272.932483423966914,1,2430
685659.026869012974203,4181261.222210330888629,1,2460
685686.646961411228403,4181249.511937238276005,1,2490
685714.267053809482604,4181237.801664145197719,1,2520
685741.88714620785322,4181226.091391052585095,1,2550
685769.507238606107421,4181214.38111795950681,1,2580
685797.127331004478037,4181202.670844866894186,1,2610
685824.747423402732238,4181190.9605717738159,1,2640
685852.367515801102854,4181179.250298681203276,1,2670
685879.987608199357055,4181167.54002558812499,1,2700
685907.607700597611256,4181155.829752495512366,1,2730
685935.227792995981872,4181144.119479402434081,1,2760
685962.847885394236073,4181132.409206309821457,1,2790
685990.467977792606689,4181120.698933216743171,1,2820
686018.08807019086089,4181108.988660124130547,1,2850
686045.708162589231506,4181097.278387031052262,1,2880
686073.328254987485707,4181085.568113938439637,1,2910
686100.948347385739908,4181073.857840845361352,1,2940
686128.568439784110524,4181062.147567752748728,1,2970
686156.188532182364725,4181050.437294659670442,1,3000
686183.808624580735341,4181038.727021567057818,1,3030
686211.428716978989542,4181027.016748473979533,1,3060
686239.048809377360158,4181015.306475381366909,1,3090
686266.668901775614358,4181003.596202288288623,1,3120
686294.288994173984975,4180991.885929195675999,1,3150
686321.909086572239175,4180980.175656102597713,1,3180
686349.529178970493376,4180968.465383009985089,1,3210
686377.149271368863992,4180956.755109916906804,1,3240
686404.769363767118193,4180945.04483682429418,1,3270
686432.389456165488809,4180933.334563731215894,1,3300
686460.00954856374301,4180921.62429063860327,1,3330
686487.629640962113626,4180909.914017545524985,1,3360
686515.249733360367827,4180898.20374445291236,1,3390
686542.869825758622028,4180886.493471359834075,1,3420
686570.489918156992644,4180874.783198267221451,1,3450
686598.110010555246845,4180863.072925174143165,1,3480
686625.730102953617461,4180851.36265208106488,1,3510
686653.350195351871662,4180839.652378988452256,1,3540
686680.970287750242278,4180827.94210589537397,1,3570
686708.590380148496479,4180816.231832802761346,1,3600
686736.21047254675068,4180804.521559709683061,1,3630
686763.830564945121296,4180792.811286617070436,1,3660
686791.450657343375497,4180781.101013523992151,1,3690
686819.070749741746113,4180769.390740431379527,1,3720
686846.690842140000314,4180757.680467338301241,1,3750
686874.31093453837093,4180745.970194245688617,1,3780
686901.93102693662513,4180734.259921152610332,1,3810
686929.551119334879331,4180722.549648059997708,1,3840
686957.171211733249947,4180710.839374966919422,1,3870
686984.791304131504148,4180699.129101874306798,1,3900
687012.411396529874764,4180687.418828781228513,1,3930
687040.031488928128965,4180675.708555688615888,1,3960
687067.651581326499581,4180663.998282595537603,1,3990
687095.271673724753782,4180652.288009502924979,1,4020
687122.891766123124398,4180640.577736409846693,1,4050
687150.511858521378599,4180628.867463317234069,1,4080
687178.1319509196328,4180617.157190224155784,1,4110
687205.752043318003416,4180605.446917131543159,1,4140
687233.372135716257617,4180593.736644038464874,1,4170
687260.992228114628233,4180582.02637094585225,1,4200
687288.612320512882434,4180570.316097852773964,1,4230
687316.23241291125305,4180558.60582476016134,1,4260
687343.852505309507251,4180546.895551667083055,1,4290
687371.472597707761452,4180535.185278574470431,1,4320
687399.092690106132068,4180523.475005481392145,1,4350
687426.712782504386269,4180511.764732388779521,1,4380
687454.332874902756885,4180500.054459295701236,1,4410
687481.952967301011086,4180488.344186203088611,1,4440
687509.573059699381702,4180476.633913110010326,1,4470
687537.193152097635902,4180464.923640017397702,1,4500
687564.813244495890103,4180453.213366924319416,1,4530
687592.433336894260719,4180441.503093831706792,1,4560
687620.05342929251492,4180429.792820738628507,1,4590
687647.673521690885536,4180418.082547646015882,1,4620
687675.293614089139737,4180406.372274552937597,1,4650
687702.913706487510353,4180394.662001460324973,1,4680
687730.533798885764554,4180382.951728367246687,1,4710
687758.153891284018755,4180371.241455274634063,1,4740
687785.773983682389371,4180359.531182181555778,1,4770
687813.394076080643572,4180347.820909088943154,1,4800
687841.014168479014188,4180336.110635995864868,1,4830
687868.634260877268389,4180324.400362903252244,1,4860
687896.254353275639005,4180312.690089810173959,1,4890
687923.874445673893206,4180300.979816717561334,1,4920
687951.494538072263822,4180289.269543624483049,1,4950
687979.114630470518023,4180277.559270531870425,1,4980
688006.734722868772224,4180265.848997438792139,1,5010
688034.35481526714284,4180254.138724346179515,1,5040
688061.974907665397041,4180242.42845125310123,1,5070
688089.595000063767657,4180230.718178160488605,1,5100
688117.215092462021858,4180219.00790506741032,1,5130
688144.835184860392474,4180207.297631974797696,1,5160
688172.455277258646674,4180195.58735888171941,1,5190
688200.075369656900875,4180183.877085789106786,1,5220
688227.695462055271491,4180172.166812696028501,1,5250
688255.315554453525692,4180160.456539602950215,1,5280
688282.935646851896308,4180148.746266510337591,1,5310
688310.555739250150509,4180137.035993417259306,1,5340
688338.175831648521125,4180125.325720324646682,1,5370
688365.795924046775326,4180113.615447231568396,1,5400
688393.416016445029527,4180101.905174138955772,1,5430
688421.036108843400143,4180090.194901045877486,1,5460
688448.656201241654344,4180078.484627953264862,1,5490
688476.27629364002496,4180066.774354860186577,1,5520
688503.896386038279161,4180055.064081767573953,1,5550
688531.516478436649777,4180043.353808674495667,1,5580
688559.136570834903978,4180031.643535581883043,1,5610
688586.756663233158179,4180019.933262488804758,1,5640
688614.376755631528795,4180008.222989396192133,1,5670
688641.996848029782996,4179996.512716303113848,1,5700
688669.616940428153612,4179984.802443210501224,1,5730
688697.237032826407813,4179973.092170117422938,1,5760
688724.857125224778429,4179961.381897024810314,1,5790
688752.477217623032629,4179949.671623931732029,1,5820
688780.097310021403246,4179937.961350839119405,1,5850
688807.717402419657446,4179926.251077746041119,1,5880
688835.337494817911647,4179914.540804653428495,1,5910
688862.957587216282263,4179902.830531560350209,1,5940
688890.577679614536464,4179891.120258467737585,1,5970
688918.19777201290708,4179879.4099853746593,1,6000
688945.817864411161281,4179867.699712282046676,1,6030
688973.437956809531897,4179855.98943918896839,1,6060
689001.058049207786098,4179844.279166096355766,1,6090
689028.678141606040299,4179832.568893003277481,1,6120
689056.298234004410915,4179820.858619910664856,1,6150
689083.918326402665116,4179809.148346817586571,1,6180
689111.538418801035732,4179797.438073724973947,1,6210
689139.158511199289933,4179785.727800631895661,1,6240
689166.778603597660549,4179774.017527539283037,1,6270
689194.39869599591475,4179762.307254446204752,1,6300
689222.018788394168951,4179750.596981353592128,1,6330
689249.638880792539567,4179738.886708260513842,1,6360
689277.258973190793768,4179727.176435167901218,1,6390
689304.879065589164384,4179715.466162074822932,1,6420
689332.499157987418585,4179703.755888982210308,1,6450
689360.119250385789201,4179692.045615889132023,1,6480
689387.739342784043401,4179680.335342796519399,1,6510
689415.359435182297602,4179668.625069703441113,1,6540
689442.979527580668218,4179656.914796610828489,1,6570
689470.599619978922419,4179645.204523517750204,1,6600
689498.219712377293035,4179633.494250425137579,1,6630
689525.839804775547236,4179621.783977332059294,1,6660
689553.459897173917852,4179610.07370423944667,1,6690
689581.079989572172053,4179598.363431146368384,1,6720
689608.700081970542669,4179586.65315805375576,1,6750
689636.047588685993105,4179574.329059160780162,1,6780
689663.255829219007865,4179561.691351809538901,1,6810
689690.464069752022624,4179549.05364445829764,1,6840
689717.672310284920968,4179536.415937106590718,1,6870
689744.880550817935728,4179523.778229755349457,1,6900
689772.088791350950487,4179511.140522404108196,1,6930
689799.297031883965246,4179498.502815052866936,1,6960
689826.50527241686359,4179485.865107701160014,1,6990
689853.71351294987835,4179473.227400349918753,1,7020
689880.921753482893109,4179460.589692998677492,1,7050
689908.129994015907869,4179447.95198564697057,1,7080
689935.338234548806213,4179435.314278295729309,1,7110
689962.546475081820972,4179422.676570944488049,1,7140
689989.754715614835732,4179410.038863592781126,1,7170
690016.962956147850491,4179397.401156241539866,1,7200
690044.171196680748835,4179384.763448890298605,1,7230
690071.379437213763595,4179372.125741539057344,1,7260
690098.587677746778354,4179359.488034187350422,1,7290
690125.795918279793113,4179346.850326836109161,1,7320
690153.004158812691458,4179334.212619484867901,1,7350
690180.212399345706217,4179321.574912133160979,1,7380
690207.420639878720976,4179308.937204781919718,1,7410
690234.628880411735736,4179296.299497430678457,1,7440
690261.83712094463408,4179283.661790078971535,1,7470
690289.045361477648839,4179271.024082727730274,1,7500
690316.253602010663599,4179258.386375376489013,1,7530
690343.461842543678358,4179245.748668024782091,1,7560
690370.670083076576702,4179233.110960673540831,1,7590
690397.878323609591462,4179220.47325332229957,1,7620
690425.086564142606221,4179207.835545971058309,1,7650
690452.294804675620981,4179195.197838619351387,1,7680
690479.503045208519325,4179182.560131268110126,1,7710
690506.711285741534084,4179169.922423916868865,1,7740
690533.919526274548844,4179157.284716565161943,1,7770
690561.127766807563603,4179144.647009213920683,1,7800
690588.336007340461947,4179132.009301862679422,1,7830
690615.544247873476706,4179119.3715945109725,1,7860
690642.752488406491466,4179106.733887159731239,1,7890
690669.960728939506225,4179094.096179808489978,1,7920
690697.168969472404569,4179081.458472457248718,1,7950
690724.377210005419329,4179068.820765105541795,1,7980
690751.585450538434088,4179056.183057754300535,1,8010
690778.793691071448848,4179043.545350403059274,1,8040
690806.001931604347192,4179030.907643051352352,1,8070
690833.210172137361951,4179018.269935700111091,1,8100
690860.418412670376711,4179005.63222834886983,1,8130
690887.62665320339147,4178992.994520997162908,1,8160
690914.834893736289814,4178980.356813645921648,1,8190
690942.043134269304574,4178967.719106294680387,1,8220
690969.251374802319333,4178955.081398942973465,1,8250
690996.459615335217677,4178942.443691591732204,1,8280
691023.667855868232436,4178929.805984240490943,1,8310
691050.876096401247196,4178917.168276889249682,1,8340
691078.084336934261955,4178904.53056953754276,1,8370
691105.292577467160299,4178891.8928621863015,1,8400
691132.500818000175059,4178879.255154835060239,1,8430
691159.709058533189818,4178866.617447483353317,1,8460
691186.917299066204578,4178853.979740132112056,1,8490
691214.125539599102922,4178841.342032780870795,1,8520
691241.333780132117681,4178828.704325429163873,1,8550
691268.542020665132441,4178816.066618077922612,1,8580
691295.7502611981472,4178803.428910726681352,1,8610
691322.958501731045544,4178790.791203375440091,1,8640
691350.166742264060304,4178778.153496023733169,1,8670
691377.374982797075063,4178765.515788672491908,1,8700
691404.583223330089822,4178752.878081321250647,1,8730
691431.791463862988167,4178740.240373969543725,1,8760
691458.999704396002926,4178727.602666618302464,1,8790
691486.207944929017685,4178714.964959267061204,1,8820
691513.416185462032445,4178702.327251915354282,1,8850
691540.624425994930789,4178689.689544564113021,1,8880
691567.832666527945548,4178677.05183721287176,1,8910
691595.040907060960308,4178664.414129861164838,1,8940
691622.249147593975067,4178651.776422509923577,1,8970
691649.457388126873411,4178639.138715158682317,1,9000
691676.665628659888171,4178626.501007807441056,1,9030
691703.87386919290293,4178613.863300455734134,1,9060
691731.08210972591769,4178601.225593104492873,1,9090
691758.290350258816034,4178588.587885753251612,1,9120
691785.498590791830793,4178575.95017840154469,1,9150
691812.706831324845552,4178563.312471050303429,1,9180
691839.915071857860312,4178550.674763699062169,1,9210
691867.123312390758656,4178538.037056347355247,1,9240
691894.331552923773415,4178525.399348996113986,1,9270
691921.539793456788175,4178512.761641644872725,1,9300
691948.748033989802934,4178500.123934293165803,1,9330
691975.956274522701278,4178487.486226941924542,1,9360
692003.164515055716038,4178474.848519590683281,1,9390
692030.372755588730797,4178462.210812239442021,1,9420
692057.580996121745557,4178449.573104887735099,1,9450
692084.789236654643901,4178436.935397536493838,1,9480
692111.99747718765866,4178424.297690185252577,1,9510
692139.20571772067342,4178411.659982833545655,1,9540
692166.413958253688179,4178399.022275482304394,1,9570
692193.622198786586523,4178386.384568131063133,1,9600
692220.830439319601282,4178373.746860779356211,1,9630
692248.038679852616042,4178361.109153428114951,1,9660
692275.246920385630801,4178348.47144607687369,1,9690
692302.455160918529145,4178335.833738725632429,1,9720
692329.663401451543905,4178323.196031373925507,1,9750
692356.871641984558664,4178310.558324022684246,1,9780
692384.079882517573424,4178297.920616671442986,1,9810
692411.288123050471768,4178285.282909319736063,1,9840
692438.496363583486527,4178272.645201968494803,1,9870
692465.704604116501287,4178260.007494617253542,1,9900
692492.912844649516046,4178247.36978726554662,1,9930
692520.12108518241439,4178234.732079914305359,1,9960
692547.32932571542915,4178222.094372563064098,1,9990
692574.537566248443909,4178209.456665211357176,1,10020
692601.745806781458668,4178196.818957860115916,1,10050
692628.954047314357013,4178184.181250508874655,1,10080
692656.162287847371772,4178171.543543157633394,1,10110
692683.370528380386531,4178158.905835805926472,1,10140
692710.578768913401291,4178146.268128454685211,1,10170
692737.787009446299635,4178133.63042110344395,1,10200
692764.995249979314394,4178120.992713751737028,1,10230
692792.203490512329154,4178108.355006400495768,1,10260
692819.411731045343913,4178095.717299049254507,1,10290
692846.619971578242257,4178083.079591697547585,1,10320
692873.828212111257017,4178070.441884346306324,1,10350
692901.036452644271776,4178057.804176995065063,1,10380
692928.244693177286536,4178045.166469643823802,1,10410
692954.705834670108743,4178031.251991687342525,1,10440
692979.051864913664758,4178013.722849912010133,1,10470
693003.397895157220773,4177996.193708136677742,1,10500
693027.743925400776789,4177978.664566361345351,1,10530
693052.089955644332804,4177961.135424586012959,1,10560
693076.435985887888819,4177943.606282810680568,1,10590
693100.782016131444834,4177926.077141035348177,1,10620
693125.128046375000849,4177908.547999260015786,1,10650
693149.474076618556865,4177891.018857484217733,1,10680
693173.820106861996464,4177873.489715708885342,1,10710
693198.16613710555248,4177855.960573933552951,1,10740
693222.512167349108495,4177838.431432158220559,1,10770
693246.85819759266451,4177820.902290382888168,1,10800
693271.204227836220525,4177803.373148607555777,1,10830
693295.55025807977654,4177785.844006832223386,1,10860
693319.896288323332556,4177768.314865056890994,1,10890
693344.242318566888571,4177750.785723281558603,1,10920
693368.588348810444586,4177733.256581506226212,1,10950
693392.934379054000601,4177715.727439730893821,1,10980
693417.280409297440201,4177698.198297955561429,1,11010
693441.626439540996216,4177680.669156180229038,1,11040
693465.972469784552231,4177663.140014404896647,1,11070
693490.318500028108247,4177645.610872629564255,1,11100
693514.664530271664262,4177628.081730854231864,1,11130
693539.010560515220277,4177610.552589078899473,1,11160
693563.356590758776292,4177593.023447303567082,1,11190
693587.702621002332307,4177575.49430552823469,1,11220
693612.048651245888323,4177557.965163752902299,1,11250
693636.394681489327922,4177540.436021977569908,1,11280
693660.740711732883938,4177522.906880202237517,1,11310
693685.086741976439953,4177505.377738426439464,1,11340
693709.432772219995968,4177487.848596651107073,1,11370
693733.778802463551983,4177470.319454875774682,1,11400
693758.124832707107998,4177452.79031310044229,1,11430
693782.470862950664014,4177435.261171325109899,1,11460
693806.816893194220029,4177417.732029549777508,1,11490
693831.162923437776044,4177400.202887774445117,1,11520
693855.508953681215644,4177382.67374599911273,1,11550
693879.854983924771659,4177365.144604223780334,1,11580
693904.201014168327674,4177347.615462448447943,1,11610
693928.547044411883689,4177330.086320673115551,1,11640
693952.893074655439705,4177312.55717889778316,1,11670
693977.23910489899572,4177295.028037122450769,1,11700
694001.585135142551735,4177277.498895347118378,1,11730
694025.93116538610775,4177259.969753571785986,1,11760
694050.277195629663765,4177242.440611796453595,1,11790
694074.623225873219781,4177224.911470021121204,1,11820
694098.96925611665938,4177207.382328245788813,1,11850
694123.315286360215396,4177189.853186470456421,1,11880
694147.661316603771411,4177172.32404469512403,1,11910
694172.007346847327426,4177154.794902919791639,1,11940
694196.353377090883441,4177137.265761143993586,1,11970
694220.699407334439456,4177119.736619368661195,1,12000
694245.045437577995472,4177102.207477593328804,1,12030
694269.391467821551487,4177084.678335817996413,1,12060
694293.737498065107502,4177067.149194042664021,1,12090
694318.083528308547102,4177049.62005226733163,1,12120
694342.429558552103117,4177032.090910491999239,1,12150
694366.775588795659132,4177014.561768716666847,1,12180
694391.121619039215147,4176997.032626941334456,1,12210
694415.467649282771163,4176979.503485166002065,1,12240
694439.813679526327178,4176961.974343390669674,1,12270
694464.159709769883193,4176944.445201615337282,1,12300
694488.505740013439208,4176926.916059840004891,1,12330
694512.851770256995223,4176909.3869180646725,1,12360
694537.197800500434823,4176891.857776289340109,1,12390
694561.543830743990839,4176874.328634514007717,1,12420
694585.889860987546854,4176856.799492738675326,1,12450
694610.235891231102869,4176839.270350963342935,1,12480
694634.581921474658884,4176821.741209188010544,1,12510
694658.927951718214899,4176804.212067412678152,1,12540
694683.273981961770914,4176786.682925637345761,1,12570
694707.62001220532693,4176769.15378386201337,1,12600
694731.966042448882945,4176751.624642086215317,1,12630
694756.31207269243896,4176734.095500310882926,1,12660
694780.65810293587856,4176716.566358535550535,1,12690
694805.004133179434575,4176699.037216760218143,1,12720
694829.35016342299059,4176681.508074984885752,1,12750
694853.696193666546606,4176663.978933209553361,1,12780
694878.042223910102621,4176646.44979143422097,1,12810
694902.388254153658636,4176628.920649658888578,1,12840
694926.734284397214651,4176611.391507883556187,1,12870
694951.080314640770666,4176593.862366108223796,1,12900
694975.426344884326681,4176576.333224332891405,1,12930
694999.772375127766281,4176558.804082557559013,1,12960
695024.118405371322297,4176541.274940782226622,1,12990
695048.464435614878312,4176523.745799006894231,1,13020
695072.810465858434327,4176506.21665723156184,1,13050
695097.156496101990342,4176488.687515456229448,1,13080
695121.502526345546357,4176471.158373680897057,1,13110
695145.848556589102373,4176453.629231905564666,1,13140
695170.194586832658388,4176436.100090130232275,1,13170
695194.540617076214403,4176418.570948354899883,1,13200
695218.886647319654003,4176401.041806579567492,1,13230
695242.473954101093113,4176382.513331587892026,1,13260
695265.900018384330906,4176363.772480161394924,1,13290
695289.326082667685114,4176345.031628734432161,1,13320
695312.752146950922906,4176326.290777307935059,1,13350
695336.178211234277114,4176307.549925881437957,1,13380
695359.604275517514907,4176288.809074454940856,1,13410
695383.030339800869115,4176270.068223027978092,1,13440
695406.456404084106907,4176251.327371601480991,1,13470
695429.882468367461115,4176232.586520174983889,1,13500
695453.308532650698908,4176213.845668748021126,1,13530
695476.734596934053116,4176195.104817321524024,1,13560
695500.160661217290908,4176176.363965895026922,1,13590
695523.586725500645116,4176157.62311446852982,1,13620
695547.012789783882909,4176138.882263041567057,1,13650
695570.438854067237116,4176120.141411615069956,1,13680
695593.864918350474909,4176101.400560188572854,1,13710
695617.290982633712701,4176082.659708761610091,1,13740
695640.717046917066909,4176063.918857335112989,1,13770
695664.143111200304702,4176045.178005908615887,1,13800
695687.56917548365891,4176026.437154482118785,1,13830
695710.995239766896702,4176007.696303055156022,1,13860
695734.42130405025091,4175988.955451628658921,1,13890
695757.847368333488703,4175970.214600202161819,1,13920
695781.273432616842911,4175951.473748775199056,1,13950
695804.699496900080703,4175932.732897348701954,1,13980
695828.125561183434911,4175913.992045922204852,1,14010
695851.551625466672704,4175895.25119449570775,1,14040
695874.977689750026911,4175876.510343068744987,1,14070
695898.403754033264704,4175857.769491642247885,1,14100
695921.829818316618912,4175839.028640215750784,1,14130
695945.255882599856704,4175820.287788788788021,1,14160
695968.681946883094497,4175801.546937362290919,1,14190
695992.108011166448705,4175782.806085935793817,1,14220
696015.534075449686497,4175764.065234509296715,1,14250
696038.960139733040705,4175745.324383082333952,1,14280
696062.386204016278498,4175726.58353165583685,1,14310
696085.812268299632706,4175707.842680229339749,1,14340
696109.238332582870498,4175689.101828802376986,1,14370
696132.664396866224706,4175670.360977375879884,1,14400
696156.090461149462499,4175651.620125949382782,1,14430
696179.516525432816707,4175632.87927452288568,1,14460
696202.942589716054499,4175614.138423095922917,1,14490
696226.368653999408707,4175595.397571669425815,1,14520
696249.7947182826465,4175576.656720242928714,1,14550
696273.220782566000707,4175557.91586881596595,1,14580
696296.6468468492385,4175539.175017389468849,1,14610
696320.072911132476293,4175520.434165962971747,1,14640
696343.4989754158305,4175501.693314536008984,1,14670
696366.925039699068293,4175482.952463109511882,1,14700
696390.351103982422501,4175464.21161168301478,1,14730
696413.777168265660293,4175445.470760256517678,1,14760
696437.203232549014501,4175426.729908829554915,1,14790
696460.629296832252294,4175407.989057403057814,1,14820
696484.055361115606502,4175389.248205976560712,1,14850
696507.481425398844294,4175370.507354549597949,1,14880
696530.907489682198502,4175351.766503123100847,1,14910
696554.333553965436295,4175333.025651696603745,1,14940
696577.759618248790503,4175314.284800270106643,1,14970
696601.185682532028295,4175295.54394884314388,1,15000
696624.611746815382503,4175276.803097416646779,1,15030
696648.037811098620296,4175258.062245990149677,1,15060
696671.463875381858088,4175239.321394563186914,1,15090
696694.889939665212296,4175220.580543136689812,1,15120
696718.316003948450089,4175201.83969171019271,1,15150
696741.742068231804296,4175183.098840283695608,1,15180
696765.168132515042089,4175164.357988856732845,1,15210
696788.594196798396297,4175145.617137430235744,1,15240
696812.020261081634089,4175126.876286003738642,1,15270
696835.446325364988297,4175108.135434576775879,1,15300
696858.87238964822609,4175089.394583150278777,1,15330
696882.298453931580298,4175070.653731723781675,1,15360
696905.72451821481809,4175051.912880297284573,1,15390
696929.150582498172298,4175033.17202887032181,1,15420
696952.576646781410091,4175014.431177443824708,1,15450
696976.002711064764298,4174995.690326017327607,1,15480
696999.428775348002091,4174976.949474590364844,1,15510
697022.854839631239884,4174958.208623163867742,1,15540
697046.280903914594091,4174939.46777173737064,1,15570
697069.706968197831884,4174920.726920310873538,1,15600
697093.133032481186092,4174901.986068883910775,1,15630
697116.559096764423884,4174883.245217457413673,1,15660
697139.985161047778092,4174864.504366030916572,1,15690
697163.411225331015885,4174845.763514603953809,1,15720
697186.837289614370093,4174827.022663177456707,1,15750
697210.263353897607885,4174808.281811750959605,1,15780
697233.689418180962093,4174789.540960324462503,1,15810
697257.115482464199886,4174770.80010889749974,1,15840
697280.541546747554094,4174752.059257471002638,1,15870
697303.967611030791886,4174733.318406044505537,1,15900
697327.393675314146094,4174714.577554617542773,1,15930
697350.819739597383887,4174695.836703191045672,1,15960
697374.245803880621679,4174677.09585176454857,1,15990
697397.671868163975887,4174658.355000338051468,1,16020
697421.09793244721368,4174639.614148911088705,1,16050
697444.523996730567887,4174620.873297484591603,1,16080
697467.95006101380568,4174602.132446058094501,1,16110
697491.376125297159888,4174583.391594631131738,1,16140
697514.80218958039768,4174564.650743204634637,1,16170
697538.228253863751888,4174545.909891778137535,1,16200
697561.654318146989681,4174527.169040351640433,1,16230
697585.080382430343889,4174508.42818892467767,1,16260
697608.506446713581681,4174489.687337498180568,1,16290
697631.932510996935889,4174470.946486071683466,1,16320
697655.358575280173682,4174452.205634644720703,1,16350
697678.78463956352789,4174433.464783218223602,1,16380
697699.980623757932335,4174412.247954932041466,1,16410
697721.060832953313366,4174390.902585872448981,1,16440
697742.141042148577981,4174369.557216813322157,1,16470
697763.221251343842596,4174348.211847753729671,1,16500
697784.301460539223626,4174326.866478694602847,1,16530
697805.381669734488241,4174305.521109635010362,1,16560
697826.461878929869272,4174284.175740575883538,1,16590
697847.542088125133887,4174262.830371516291052,1,16620
697868.622297320398502,4174241.485002456698567,1,16650
697889.702506515779532,4174220.139633397571743,1,16680
697910.782715711044148,4174198.794264337979257,1,16710
697931.862924906425178,4174177.448895278852433,1,16740
697952.943134101689793,4174156.103526219259948,1,16770
697974.023343296954408,4174134.758157159667462,1,16800
697995.103552492335439,4174113.412788100540638,1,16830
698016.183761687600054,4174092.067419040948153,1,16860
698037.263970882981084,4174070.722049981821328,1,16890
698058.344180078245699,4174049.376680922228843,1,16920
698079.424389273510315,4174028.031311862636358,1,16950
698100.504598468891345,4174006.685942803509533,1,16980
698121.58480766415596,4173985.340573743917048,1,17010
698142.665016859420575,4173963.995204684790224,1,17040
698163.745226054801606,4173942.649835625197738,1,17070
698184.825435250066221,4173921.304466566070914,1,17100
698205.905644445447251,4173899.959097506478429,1,17130
698226.985853640711866,4173878.613728446885943,1,17160
698248.066062835976481,4173857.268359387759119,1,17190
698269.146272031357512,4173835.922990328166634,1,17220
698290.226481226622127,4173814.57762126903981,1,17250
698311.306690422003157,4173793.232252209447324,1,17280
698332.386899617267773,4173771.886883149854839,1,17310
698353.467108812532388,4173750.541514090728015,1,17340
698374.547318007913418,4173729.196145031135529,1,17370
698395.627527203178033,4173707.850775972008705,1,17400
698416.707736398442648,4173686.50540691241622,1,17430
698437.787945593823679,4173665.160037853289396,1,17460
698458.868154789088294,4173643.81466879369691,1,17490
698479.948363984469324,4173622.469299734104425,1,17520
698501.028573179733939,4173601.123930674977601,1,17550
698522.108782374998555,4173579.778561615385115,1,17580
698543.188991570379585,4173558.433192556258291,1,17610
698564.2692007656442,4173537.087823496665806,1,17640
698585.349409961025231,4173515.74245443707332,1,17670
698606.429619156289846,4173494.397085377946496,1,17700
698627.509828351554461,4173473.051716318354011,1,17730
698648.590037546935491,4173451.706347259227186,1,17760
698669.670246742200106,4173430.360978199634701,1,17790
698690.750455937581137,4173409.015609140042216,1,17820
698711.830665132845752,4173387.670240080915391,1,17850
698732.910874328110367,4173366.324871021322906,1,17880
698753.991083523491398,4173344.979501962196082,1,17910
698775.071292718756013,4173323.634132902603596,1,17940
698796.151501914020628,4173302.288763843476772,1,17970
698817.231711109401658,4173280.943394783884287,1,18000
698838.311920304666273,4173259.598025724291801,1,18030
698859.392129500047304,4173238.252656665164977,1,18060
698880.472338695311919,4173216.907287605572492,1,18090
698901.552547890576534,4173195.561918546445668,1,18120
698922.632757085957564,4173174.216549486853182,1,18150
698943.71296628122218,4173152.871180427260697,1,18180
698964.79317547660321,4173131.525811368133873,1,18210
698985.873384671867825,4173110.180442308541387,1,18240
699006.95359386713244,4173088.835073249414563,1,18270
699028.033803062513471,4173067.489704189822078,1,18300
699049.114012257778086,4173046.144335130695254,1,18330
699070.194221453042701,4173024.798966071102768,1,18360
699091.274430648423731,4173003.453597011510283,1,18390
699112.354639843688346,4172982.108227952383459,1,18420
699133.434849039069377,4172960.762858892790973,1,18450
699154.515058234333992,4172939.417489833664149,1,18480
699175.595267429598607,4172918.072120774071664,1,18510
699196.675476624979638,4172896.726751714479178,1,18540
699217.755685820244253,4172875.381382655352354,1,18570
699238.835895015625283,4172854.036013595759869,1,18600
699259.916104210889898,4172832.690644536633044,1,18630
699280.996313406154513,4172811.345275477040559,1,18660
699302.076522601535544,4172789.999906417448074,1,18690
699323.156731796800159,4172768.654537358321249,1,18720
699344.236940992064774,4172747.309168298728764,1,18750
699365.317150187445804,4172725.96379923960194,1,18780
699386.39735938271042,4172704.618430180009454,1,18810
699407.47756857809145,4172683.27306112088263,1,18840
699428.557777773356065,4172661.927692061290145,1,18870
699449.63798696862068,4172640.582323001697659,1,18900
699470.718196164001711,4172619.236953942570835,1,18930
699491.798405359266326,4172597.89158488297835,1,18960
699512.878614554647356,4172576.546215823851526,1,18990
699533.958823749911971,4172555.20084676425904,1,19020
699555.039032945176587,4172533.855477704666555,1,19050
699576.119242140557617,4172512.510108645539731,1,19080
699597.199451335822232,4172491.164739585947245,1,19110
699618.279660531203263,4172469.819370526820421,1,19140
699639.359869726467878,4172448.474001467227936,1,19170
699660.440078921732493,4172427.128632408101112,1,19200
699681.520288117113523,4172405.783263348508626,1,19230
699702.600497312378138,4172384.437894288916141,1,19260
699723.680706507642753,4172363.092525229789317,1,19290
699744.760915703023784,4172341.747156170196831,1,19320
699765.841124898288399,4172320.401787111070007,1,19350
699786.921334093669429,4172299.056418051477522,1,19380
699808.001543288934045,4172277.711048991885036,1,19410
699829.08175248419866,4172256.365679932758212,1,19440
699850.16196167957969,4172235.020310873165727,1,19470
699871.242170874844305,4172213.674941814038903,1,19500
699892.322380070225336,4172192.329572754446417,1,19530
699913.402589265489951,4172170.984203694853932,1,19560
699934.482798460754566,4172149.638834635727108,1,19590
699955.563007656135596,4172128.293465576134622,1,19620
699976.643216851400211,4172106.948096517007798,1,19650
699997.723426046664827,4172085.602727457415313,1,19680
700018.803635242045857,4172064.257358398288488,1,19710
700039.883844437310472,4172042.911989338696003,1,19740
700060.964053632691503,4172021.566620279103518,1,19770
700082.044262827956118,4172000.221251219976693,1,19800
700103.124472023220733,4171978.875882160384208,1,19830
700124.204681218601763,4171957.530513101257384,1,19860
700145.284890413866378,4171936.185144041664898,1,19890
700166.365099609247409,4171914.839774982072413,1,19920
700187.445308804512024,4171893.494405922945589,1,19950
700208.525517999776639,4171872.149036863353103,1,19980
700229.605727195157669,4171850.803667804226279,1,20010
700250.685936390422285,4171829.458298744633794,1,20040
700271.766145585803315,4171808.11292968550697,1,20070
700292.84635478106793,4171786.767560625914484,1,20100
700313.926563976332545,4171765.422191566321999,1,20130
700335.006773171713576,4171744.076822507195175,1,20160
700356.086982366978191,4171722.731453447602689,1,20190
700377.167191562242806,4171701.386084388475865,1,20220
700398.247400757623836,4171680.04071532888338,1,20250
700419.327609952888452,4171658.695346269290894,1,20280
700440.407819148269482,4171637.34997721016407,1,20310
700461.488028343534097,4171616.004608150571585,1,20340
700482.568237538798712,4171594.659239091444761,1,20370
700503.648446734179743,4171573.313870031852275,1,20400
700524.728655929444358,4171551.96850097225979,1,20430
700545.808865124825388,4171530.623131913132966,1,20460
700566.889074320090003,4171509.27776285354048,1,20490
700587.399528316571377,4171487.390790401492268,1,20520
700607.650242021656595,4171465.25691151805222,1,20550
700627.900955726741813,4171443.123032634612173,1,20580
700648.151669431827031,4171420.989153750706464,1,20610
700668.402383136912249,4171398.855274867266417,1,20640
700688.653096841997467,4171376.721395983360708,1,20670
700708.90381054696627,4171354.58751709992066,1,20700
700729.154524252051488,4171332.453638216480613,1,20730
700749.405237957136706,4171310.319759332574904,1,20760
700769.655951662221923,4171288.185880449134856,1,20790
700789.906665367307141,4171266.052001565229148,1,20820
700810.157379072392359,4171243.9181226817891,1,20850
700830.408092777477577,4171221.784243797883391,1,20880
700850.65880648244638,4171199.650364914443344,1,20910
700870.909520187531598,4171177.516486031003296,1,20940
700891.160233892616816,4171155.382607147097588,1,20970
700911.410947597702034,4171133.24872826365754,1,21000
700931.661661302787252,4171111.114849379751831,1,21030
700951.91237500787247,4171088.980970496311784,1,21060
700972.163088712957688,4171066.847091612871736,1,21090
700992.41380241792649,4171044.713212728966027,1,21120
701012.664516123011708,4171022.57933384552598,1,21150
701032.915229828096926,4171000.445454961620271,1,21180
701053.165943533182144,4170978.311576078180224,1,21210
701073.416657238267362,4170956.177697194274515,1,21240
701093.66737094335258,4170934.043818310834467,1,21270
701113.918084648437798,4170911.90993942739442,1,21300
701134.168798353406601,4170889.776060543488711,1,21330
701154.419512058491819,4170867.642181660048664,1,21360
701174.670225763577037,4170845.508302776142955,1,21390
701194.920939468662255,4170823.374423892702907,1,21420
701215.171653173747472,4170801.24054500926286,1,21450
701235.42236687883269,4170779.106666125357151,1,21480
701255.673080583917908,4170756.972787241917104,1,21510
701275.923794288886711,4170734.838908358011395,1,21540
701296.174507993971929,4170712.705029474571347,1,21570
701316.425221699057147,4170690.571150590665638,1,21600
701336.675935404142365,4170668.437271707225591,1,21630
701356.926649109227583,4170646.303392823785543,1,21660
701377.177362814312801,4170624.169513939879835,1,21690
701397.428076519398019,4170602.035635056439787,1,21720
701417.678790224366821,4170579.901756172534078,1,21750
701437.929503929452039,4170557.767877289094031,1,21780
701458.180217634537257,4170535.633998405653983,1,21810
701478.430931339622475,4170513.500119521748275,1,21840
701498.681645044707693,4170491.366240638308227,1,21870
701518.932358749792911,4170469.232361754402518,1,21900
701539.183072454761714,4170447.098482870962471,1,21930
701559.433786159846932,4170424.964603987056762,1,21960
701579.68449986493215,4170402.830725103616714,1,21990
701599.935213570017368,4170380.696846220176667,1,22020
701620.185927275102586,4170358.562967336270958,1,22050
701640.436640980187804,4170336.429088452830911,1,22080
701660.687354685273021,4170314.295209568925202,1,22110
701680.938068390241824,4170292.161330685485154,1,22140
701701.188782095327042,4170270.027451802045107,1,22170
701721.43949580041226,4170247.893572918139398,1,22200
701741.690209505497478,4170225.759694034699351,1,22230
701761.940923210582696,4170203.625815150793642,1,22260
701782.191636915667914,4170181.491936267353594,1,22290
701802.442350620753132,4170159.358057383447886,1,22320
701822.693064325721934,4170137.224178500007838,1,22350
701842.943778030807152,4170115.090299616567791,1,22380
701863.19449173589237,4170092.956420732662082,1,22410
701883.445205440977588,4170070.822541849222034,1,22440
701903.695919146062806,4170048.688662965316325,1,22470
701923.946632851148024,4170026.554784081876278,1,22500
701944.197346556233242,4170004.42090519843623,1,22530
701964.448060261202045,4169982.287026314530522,1,22560
701984.698773966287263,4169960.153147431090474,1,22590
702004.949487671372481,4169938.019268547184765,1,22620
702025.200201376457699,4169915.885389663744718,1,22650
702045.450915081542917,4169893.75151078030467,1,22680
702065.701628786628135,4169871.617631896398962,1,22710
702085.952342491713353,4169849.483753012958914,1,22740
702106.203056196682155,4169827.349874129053205,1,22770
702126.453769901767373,4169805.215995245613158,1,22800
702146.704483606852591,4169783.082116361707449,1,22830
702166.955197311937809,4169760.948237478267401,1,22860
702187.205911017023027,4169738.814358594827354,1,22890
702207.456624722108245,4169716.680479710921645,1,22920
702227.707338427077048,4169694.546600827481598,1,22950
702247.958052132162265,4169672.412721943575889,1,22980
702268.208765837247483,4169650.278843060135841,1,23010
702288.459479542332701,4169628.144964176695794,1,23040
702308.710193247417919,4169606.011085292790085,1,23070
702328.960906952503137,4169583.877206409350038,1,23100
702349.211620657588355,4169561.743327525444329,1,23130
702369.462334362557158,4169539.609448642004281,1,23160
702389.713048067642376,4169517.475569758098572,1,23190
702409.963761772727594,4169495.341690874658525,1,23220
702430.214475477812812,4169473.207811991218477,1,23250
702450.46518918289803,4169451.073933107312769,1,23280
702470.715902887983248,4169428.940054223872721,1,23310
702490.966616593068466,4169406.806175339967012,1,23340
702511.217330298037268,4169384.672296456526965,1,23370
702531.468044003122486,4169362.538417573086917,1,23400
702551.718757708207704,4169340.404538689181209,1,23430
702571.969471413292922,4169318.270659805741161,1,23460
702592.22018511837814,4169296.136780921835452,1,23490
702612.470898823463358,4169274.002902038395405,1,23520
702632.721612528548576,4169251.869023154489696,1,23550
702652.972326233517379,4169229.735144271049649,1,23580
702673.223039938602597,4169207.601265387609601,1,23610
702693.473753643687814,4169185.467386503703892,1,23640
702713.724467348773032,4169163.333507620263845,1,23670
702733.97518105385825,4169141.199628736358136,1,23700
702754.225894758943468,4169119.065749852918088,1,23730
702774.476608464028686,4169096.931870969478041,1,23760
702794.727322168997489,4169074.797992085572332,1,23790
702814.978035874082707,4169052.664113202132285,1,23820
702835.228749579167925,4169030.530234318226576,1,23850
702855.479463284253143,4169008.396355434786528,1,23880
702875.730176989338361,4168986.26247655088082,1,23910
702895.980890694423579,4168964.128597667440772,1,23940
702915.281942429021001,4168941.242665628902614,1,23970
702932.186245678691193,4168916.458708486054093,1,24000
702949.090548928361386,4168891.674751343671232,1,24030
702965.994852178031579,4168866.890794201288372,1,24060
702982.899155427701771,4168842.106837058439851,1,24090
702999.803458677371964,4168817.322879916056991,1,24120
703016.707761927042156,4168792.53892277367413,1,24150
703033.612065176712349,4168767.754965630825609,1,24180
703050.516368426382542,4168742.971008488442749,1,24210
703067.420671676052734,4168718.187051346059889,1,24240
703084.324974925722927,4168693.403094203211367,1,24270
703101.229278175393119,4168668.619137060828507,1,24300
703118.133581425063312,4168643.835179918445647,1,24330
703135.037884674733505,4168619.051222775597125,1,24360
703151.942187924403697,4168594.267265633214265,1,24390
703168.84649117407389,4168569.483308490831405,1,24420
703185.750794423744082,4168544.699351347982883,1,24450
703202.655097673414275,4168519.915394205600023,1,24480
703219.559400923084468,4168495.131437063217163,1,24510
703236.46370417275466,4168470.347479920368642,1,24540
703253.368007422424853,4168445.563522777985781,1,24570
703270.272310672095045,4168420.779565635602921,1,24600
703287.176613921765238,4168395.9956084927544,1,24630
703304.080917171435431,4168371.21165135037154,1,24660
703320.985220421105623,4168346.427694207988679,1,24690
703337.889523670775816,4168321.643737065140158,1,24720
703354.793826920446008,4168296.859779922757298,1,24750
703371.698130170116201,4168272.075822780374438,1,24780
703388.602433419786394,4168247.291865637525916,1,24810
703405.506736669456586,4168222.507908495143056,1,24840
703422.411039919126779,4168197.723951352760196,1,24870
703439.315343168796971,4168172.939994209911674,1,24900
703456.219646418467164,4168148.156037067528814,1,24930
703473.123949668137357,4168123.372079925145954,1,24960
703490.028252917807549,4168098.588122782297432,1,24990
703506.932556167477742,4168073.804165639914572,1,25020
703523.836859417147934,4168049.020208497531712,1,25050
703540.741162666818127,4168024.236251354683191,1,25080
703557.64546591648832,4167999.45229421230033,1,25110
703574.549769166158512,4167974.66833706991747,1,25140
703591.454072415828705,4167949.884379927068949,1,25170
703608.358375665498897,4167925.100422784686089,1,25200
703625.26267891516909,4167900.316465642303228,1,25230
703642.166982164839283,4167875.532508499454707,1,25260
703659.071285414509475,4167850.748551357071847,1,25290
703675.975588664179668,4167825.964594214688987,1,25320
703692.87989191384986,4167801.180637071840465,1,25350
703709.784195163520053,4167776.396679929457605,1,25380
703726.688498413190246,4167751.612722787074745,1,25410
703743.592801662860438,4167726.828765644226223,1,25440
703760.497104912530631,4167702.044808501843363,1,25470
703777.401408162200823,4167677.260851359460503,1,25500
703794.305711411871016,4167652.476894216611981,1,25530
703811.210014661541209,4167627.692937074229121,1,25560
703828.114317911211401,4167602.908979931846261,1,25590
703845.018621160881594,4167578.12502278899774,1,25620
703861.922924410551786,4167553.341065646614879,1,25650
703878.827227660221979,4167528.557108504232019,1,25680
703895.731530909892172,4167503.773151361383498,1,25710
703912.635834159562364,4167478.989194219000638,1,25740
703929.540137409232557,4167454.205237076617777,1,25770
703946.444440658902749,4167429.421279933769256,1,25800
703963.348743908572942,4167404.637322791386396,1,25830
703980.253047158243135,4167379.853365649003536,1,25860
703997.157350407913327,4167355.069408506155014,1,25890
704014.06165365758352,4167330.285451363772154,1,25920
704030.965956907253712,4167305.501494221389294,1,25950
704047.870260156923905,4167280.717537078540772,1,25980
704064.774563406594098,4167255.933579936157912,1,26010
704081.67886665626429,4167231.149622793775052,1,26040
704098.583169905934483,4167206.36566565092653,1,26070
704115.487473155604675,4167181.58170850854367,1,26100
704132.391776405274868,4167156.79775136616081,1,26130
704149.296079654945061,4167132.013794223312289,1,26160
704166.200382904615253,4167107.229837080929428,1,26190
704183.104686154285446,4167082.445879938546568,1,26220
704200.008989403955638,4167057.661922795698047,1,26250
704216.913292653625831,4167032.877965653315187,1,26280
704233.817595903296024,4167008.094008510932326,1,26310
704250.721899152966216,4166983.310051368083805,1,26340
704267.626202402636409,4166958.526094225700945,1,26370
704284.530505652306601,4166933.742137083318084,1,26400
704301.434808901976794,4166908.958179940469563,1,26430
704318.339112151646987,4166884.174222798086703,1,26460
704335.243415401317179,4166859.390265655703843,1,26490
704352.147718650987372,4166834.606308512855321,1,26520
704369.052021900657564,4166809.822351370472461,1,26550
704385.956325150327757,4166785.038394228089601,1,26580
704402.86062839999795,4166760.254437085241079,1,26610
704419.764931649668142,4166735.470479942858219,1,26640
704436.669234899338335,4166710.686522800009698,1,26670
704453.573538149008527,4166685.902565657626837,1,26700
704470.47784139867872,4166661.118608515243977,1,26730
704487.382144648348913,4166636.334651372395456,1,26760
704504.28644789790269,4166611.550694230012596,1,26790
704521.190751147572882,4166586.766737087629735,1,26820
704538.095054397243075,4166561.982779944781214,1,26850
704554.999357646913268,4166537.198822802398354,1,26880
704571.90366089658346,4166512.414865660015494,1,26910
704588.807964146253653,4166487.630908517166972,1,26940
704605.712267395923845,4166462.846951374784112,1,26970
704622.616570645594038,4166438.062994232401252,1,27000
704639.520873895264231,4166413.27903708955273,1,27030
704656.425177144934423,4166388.49507994716987,1,27060
704673.329480394604616,4166363.71112280478701,1,27090
704690.233783644274808,4166338.927165661938488,1,27120
704707.138086893945001,4166314.143208519555628,1,27150
704724.042390143615194,4166289.359251377172768,1,27180
704740.946693393285386,4166264.575294234324247,1,27210
704757.850996642955579,4166239.791337091941386,1,27240
704774.755299892625771,4166215.007379949558526,1,27270
704791.659603142295964,4166190.223422806710005,1,27300
704808.563906391966157,4166165.439465664327145,1,27330
704825.468209641636349,4166140.655508521944284,1,27360
704842.372512891306542,4166115.871551379095763,1,27390
704859.276816140976734,4166091.087594236712903,1,27420
704876.181119390646927,4166066.303637094330043,1,27450
704893.08542264031712,4166041.519679951481521,1,27480
704909.989725889987312,4166016.735722809098661,1,27510
704926.894029139657505,4165991.951765666715801,1,27540
704943.798332389327697,4165967.167808523867279,1,27570
704960.70263563899789,4165942.383851381484419,1,27600
704977.606938888668083,4165917.599894239101559,1,27630
704994.511242138338275,4165892.815937096253037,1,27660
705011.325966286822222,4165867.972867530304939,1,27690
705027.464522106805816,4165842.683600715361536,1,27720
705043.603077926672995,4165817.394333900418133,1,27750
705059.741633746540174,4165792.105067085009068,1,27780
705075.880189566407353,4165766.815800270065665,1,27810
705092.018745386274531,4165741.526533454656601,1,27840
705108.15730120614171,4165716.237266639713198,1,27870
705124.295857026008889,4165690.947999824304134,1,27900
705140.434412845992483,4165665.658733009360731,1,27930
705156.572968665859662,4165640.369466193951666,1,27960
705172.711524485726841,4165615.080199379008263,1,27990
705188.85008030559402,4165589.790932563599199,1,28020
705204.988636125461198,4165564.501665748655796,1,28050
705221.127191945328377,4165539.212398933246732,1,28080
705237.265747765195556,4165513.923132118303329,1,28110
705253.40430358517915,4165488.633865302894264,1,28140
705269.542859405046329,4165463.344598487950861,1,28170
705285.681415224913508,4165438.055331672541797,1,28200
705301.819971044780686,4165412.766064857598394,1,28230
705317.958526864647865,4165387.476798042654991,1,28260
705334.097082684515044,4165362.187531227245927,1,28290
705350.235638504498638,4165336.898264412302524,1,28320
705366.374194324365817,4165311.60899759689346,1,28350
705382.512750144232996,4165286.319730781950057,1,28380
705398.651305964100175,4165261.030463966540992,1,28410
705414.789861783967353,4165235.741197151597589,1,28440
705430.928417603834532,4165210.451930336188525,1,28470
705447.066973423701711,4165185.162663521245122,1,28500
705463.205529243685305,4165159.873396705836058,1,28530
705479.344085063552484,4165134.584129890892655,1,28560
705495.482640883419663,4165109.29486307548359,1,28590
705511.621196703286842,4165084.005596260540187,1,28620
705527.75975252315402,4165058.716329445131123,1,28650
705543.898308343021199,4165033.42706263018772,1,28680
705560.036864162888378,4165008.137795814778656,1,28710
705576.175419982871972,4164982.84852899983525,1,28740
705592.313975802739151,4164957.55926218489185,1,28770
705608.45253162260633,4164932.269995369482785,1,28800
705624.591087442473508,4164906.980728554539382,1,28830
705640.729643262340687,4164881.691461739130318,1,28860
705656.868199082207866,4164856.402194924186915,1,28890
705673.006754902075045,4164831.112928108777851,1,28920
705689.145310722058639,4164805.823661293834448,1,28950
705705.283866541925818,4164780.534394478425384,1,28980
705721.422422361792997,4164755.245127663481981,1,29010
705737.560978181660175,4164729.955860848072916,1,29040
705753.699534001527354,4164704.666594033129513,1,29070
705769.838089821394533,4164679.377327217720449,1,29100
705785.976645641261712,4164654.088060402777046,1,29130
705802.115201461245306,4164628.798793587367982,1,29160
705818.253757281112485,4164603.509526772424579,1,29190
705834.392313100979663,4164578.220259957015514,1,29220
705850.530868920846842,4164552.930993142072111,1,29250
705866.669424740714021,4164527.641726327128708,1,29280
705882.8079805605812,4164502.352459511719644,1,29310
705898.946536380564794,4164477.063192696776241,1,29340
705915.085092200431973,4164451.773925881367177,1,29370
705931.223648020299152,4164426.484659066423774,1,29400
705947.36220384016633,4164401.195392251014709,1,29430
705963.500759660033509,4164375.906125436071306,1,29460
705979.639315479900688,4164350.616858620662242,1,29490
705995.777871299767867,4164325.327591805718839,1,29520
706011.916427119751461,4164300.038324990309775,1,29550
706028.05498293961864,4164274.749058175366372,1,29580
706044.193538759485818,4164249.459791359957308,1,29610
706060.332094579352997,4164224.170524545013905,1,29640
706076.470650399220176,4164198.88125772960484,1,29670
706092.609206219087355,4164173.591990914661437,1,29700
706108.747762038954534,4164148.302724099252373,1,29730
706124.886317858938128,4164123.01345728430897,1,29760
706141.024873678805307,4164097.724190469365567,1,29790
706157.163429498672485,4164072.434923653956503,1,29820
706173.301985318539664,4164047.1456568390131,1,29850
706189.440541138406843,4164021.856390023604035,1,29880
706205.579096958274022,4163996.567123208660632,1,29910
706221.717652778141201,4163971.277856393251568,1,29940
706237.856208598124795,4163945.988589578308165,1,29970
706253.994764417991973,4163920.699322762899101,1,30000
706270.133320237859152,4163895.410055947955698,1,30030
706286.271876057726331,4163870.120789132546633,1,30060
706302.41043187759351,4163844.83152231760323,1,30090
706318.548987697460689,4163819.542255502194166,1,30120
706334.687543517327867,4163794.252988687250763,1,30150
706350.826099337311462,4163768.963721871841699,1,30180
706366.96465515717864,4163743.674455056898296,1,30210
706383.103210977045819,4163718.385188241489232,1,30240
706399.241766796912998,4163693.095921426545829,1,30270
706415.380322616780177,4163667.806654611602426,1,30300
706431.518878436647356,4163642.517387796193361,1,30330
706447.657434256514534,4163617.228120981249958,1,30360
706463.795990076498128,4163591.938854165840894,1,30390
706479.934545896365307,4163566.649587350897491,1,30420
706496.073101716232486,4163541.360320535488427,1,30450
706512.211657536099665,4163516.071053720545024,1,30480
706528.350213355966844,4163490.781786905135959,1,30510
706544.488769175834022,4163465.492520090192556,1,30540
706560.627324995817617,4163440.203253274783492,1,30570
706576.765880815684795,4163414.913986459840089,1,30600
706592.904436635551974,4163389.624719644431025,1,30630
706609.042992455419153,4163364.335452829487622,1,30660
706625.181548275286332,4163339.046186014078557,1,30690
706641.320104095153511,4163313.756919199135154,1,30720
706657.458659915020689,4163288.46765238372609,1,30750
706673.597215735004283,4163263.178385568782687,1,30780
706689.735771554871462,4163237.889118753839284,1,30810
706705.874327374738641,4163212.59985193843022,1,30840
706722.01288319460582,4163187.310585123486817,1,30870
706738.151439014472999,4163162.021318308077753,1,30900
706754.289994834340177,4163136.73205149313435,1,30930
706770.428550654207356,4163111.442784677725285,1,30960
706786.56710647419095,4163086.153517862781882,1,30990
706802.705662294058129,4163060.864251047372818,1,31020
706818.844218113925308,4163035.574984232429415,1,31050
706834.982773933792487,4163010.285717417020351,1,31080
706851.121329753659666,4162984.996450602076948,1,31110
706867.259885573526844,4162959.707183786667883,1,31140
706883.398441393394023,4162934.41791697172448,1,31170
706899.536997213377617,4162909.128650156315416,1,31200
706915.675553033244796,4162883.839383341372013,1,31230
706931.814108853111975,4162858.550116525962949,1,31260
706947.952664672979154,4162833.260849711019546,1,31290
706964.091220492846332,4162807.971582896076143,1,31320
706980.229776312713511,4162782.682316080667078,1,31350
706996.36833213258069,4162757.393049265723675,1,31380
